<?xml version="1.0" encoding="UTF-8"?>
<Configs>
	<Config>
		<DataSource>odbc</DataSource>
	</Config>
	<Parameters>
		<Parameter>
			<Id>pi_company</Id>
			<DataType>String</DataType>
			<Source>Global</Source>
			<SourceKey>company</SourceKey>
			<SampleData></SampleData>
		</Parameter>
		<Parameter>
			<Id>pi_branch</Id>
			<DataType>String</DataType>
			<Source>Global</Source>
			<SourceKey>branch</SourceKey>
			<SampleData></SampleData>
		</Parameter>
		<Parameter>
			<Id>pi_docno</Id>
			<DataType>String</DataType>
			<Source>Filter</Source>
			<SourceKey>docno</SourceKey>
			<SampleData></SampleData>
		</Parameter>
	</Parameters>
</Configs>
